id,hash,data,files
2,12111579,,"[1,0]"
3,2432910,,"[1,0]"
4,1764005,,"[1,0]"
5,1436676,,"[1,0]"
6,2289551,,"[1,0]"
7,1523524,,"[1,0]"
8,255296,,"[1,0]"
9,889254,,"[1,0]"
10,744754,,"[1,0]"
11,3293997,,"[1,0]"
12,1902713,,"[1,0]"
13,2432352,,"[1,0]"
14,3472727,,"[1,0]"
15,2061986,,"[1,0]"
16,613000,,"[1,0]"
17,175626,,"[1,0]"
18,529156,,"[1,0]"
19,887535,,"[1,0]"
20,1243897,,"[1,0]"
21,3039448,,"[1,0]"
22,6250847,,"[1,0]"
23,238298,,"[1,0]"
24,1861318,,"[1,0]"
25,1072799,,"[1,0]"
26,160018,,"[1,0]"
27,786813,,"[1,0]"
28,3298562,,"[1,0]"
29,4261106,,"[1,0]"
30,7235032,,"[1,0]"
31,4050826,,"[1,0]"
32,1968756,,"[1,0]"
33,2258210,,"[1,0]"
34,2399575,,"[1,0]"
35,1011602,,"[1,0]"
36,2728484,,"[1,0]"
37,2631582,,"[1,0]"
38,4027623,,"[1,0]"
39,1071657,,"[1,0]"
40,360497,,"[1,0]"
41,3077428,,"[1,0]"
42,3084011,,"[1,0]"
43,2071774,,"[1,0]"
44,2190232,,"[1,0]"
45,2587612,,"[1,0]"
46,4412909,,"[1,0]"
47,1971255,,"[1,0]"
48,995136,,"[1,0]"
49,542036,,"[1,0]"
50,1539685,,"[1,0]"
51,1660722,,"[1,0]"
52,2687099,,"[1,0]"
53,3391537,,"[1,0]"
54,4128951,,"[1,0]"
55,1321731,,"[1,0]"
56,1139024,,"[1,0]"
57,908331,,"[1,0]"
58,2091289,,"[1,0]"
59,749013,,"[1,0]"
60,279258,,"[1,0]"
61,2564971,,"[1,0]"
62,933980,,"[1,0]"
63,378087,,"[1,0]"
